{
  "Damage energy in eV": 304970.0603947537,
  "Total number of displacements": 1.0239021468809983e+32
}