{
    "batches": 10,
    "nps": 1000,
    "enrichment": 55.55555555555555,
    "inner_radius": 500,
    "thickness": 56.44444444444446,
    "breeder_material_name": "Li4SiO4",
    "temperature_in_C": 500,
    "TBR": 0.9270873521927265,
    "TBR_std_dev": 0.009266637544873241,
    "sample": "adaptive"
}