{
    "batches": 10,
    "nps": 1000,
    "enrichment": 97.43341526677241,
    "inner_radius": 500,
    "thickness": 396.39730398746264,
    "breeder_material_name": "Li4SiO4",
    "temperature_in_C": 500,
    "TBR": 0.9386577766924564,
    "TBR_std_dev": 0.005873187534884749,
    "sample": "random"
}