{
    "batches": 10,
    "nps": 1000,
    "enrichment": 65.625,
    "inner_radius": 500,
    "thickness": 92.59259259259258,
    "breeder_material_name": "Li4SiO4",
    "temperature_in_C": 500,
    "TBR": 0.9358683035392886,
    "TBR_std_dev": 0.007778781399626153,
    "sample": "halton"
}