{
    "batches": 10,
    "nps": 1000,
    "enrichment": 59.375,
    "inner_radius": 500,
    "thickness": 314.81481481481484,
    "breeder_material_name": "Li4SiO4",
    "temperature_in_C": 500,
    "TBR": 0.9268523008701937,
    "TBR_std_dev": 0.008529002990467745,
    "sample": "halton"
}