{
    "batches": 10,
    "nps": 1000,
    "enrichment": 74.69135802469135,
    "inner_radius": 500,
    "thickness": 25.641975308641975,
    "breeder_material_name": "Li4SiO4",
    "temperature_in_C": 500,
    "TBR": 0.8949177224408368,
    "TBR_std_dev": 0.005737273889801358,
    "sample": "adaptive"
}