{
    "batches": 10,
    "nps": 1000,
    "enrichment": 75.0,
    "inner_radius": 500,
    "thickness": 250.0,
    "breeder_material_name": "Li4SiO4",
    "temperature_in_C": 500,
    "TBR": 0.9361773752438933,
    "TBR_std_dev": 0.0025392529749813674,
    "sample": "grid"
}