{
    "batches": 10,
    "nps": 1000,
    "enrichment": 31.25,
    "inner_radius": 500,
    "thickness": 185.18518518518516,
    "breeder_material_name": "Li4SiO4",
    "temperature_in_C": 500,
    "TBR": 0.9270190356592497,
    "TBR_std_dev": 0.008704478108582535,
    "sample": "halton"
}