{
    "batches": 10,
    "nps": 1000,
    "enrichment": 15.625,
    "inner_radius": 500,
    "thickness": 370.3703703703703,
    "breeder_material_name": "Li4SiO4",
    "temperature_in_C": 500,
    "TBR": 0.9050592509523266,
    "TBR_std_dev": 0.009880887271685596,
    "sample": "halton"
}