{
    "batches": 10,
    "nps": 1000,
    "enrichment": 0.0,
    "inner_radius": 500,
    "thickness": 125.0,
    "breeder_material_name": "Li4SiO4",
    "temperature_in_C": 500,
    "TBR": 0.06183630214582401,
    "TBR_std_dev": 0.0015562740691157772,
    "sample": "grid"
}