{
    "batches": 10,
    "nps": 1000,
    "enrichment": 37.5,
    "inner_radius": 500,
    "thickness": 111.1111111111111,
    "breeder_material_name": "Li4SiO4",
    "temperature_in_C": 500,
    "TBR": 0.9226064066547875,
    "TBR_std_dev": 0.013768239883269673,
    "sample": "halton"
}