{
    "batches": 10,
    "nps": 1000,
    "enrichment": 68.75,
    "inner_radius": 500,
    "thickness": 240.74074074074073,
    "breeder_material_name": "Li4SiO4",
    "temperature_in_C": 500,
    "TBR": 0.9317857061235048,
    "TBR_std_dev": 0.005235160795809749,
    "sample": "halton"
}