{
    "batches": 10,
    "nps": 1000,
    "enrichment": 75.0,
    "inner_radius": 500,
    "thickness": 125.0,
    "breeder_material_name": "Li4SiO4",
    "temperature_in_C": 500,
    "TBR": 0.9361773752438932,
    "TBR_std_dev": 0.002539252974983796,
    "sample": "grid"
}