{
    "batches": 10,
    "nps": 1000,
    "enrichment": 87.5,
    "inner_radius": 500,
    "thickness": 277.77777777777777,
    "breeder_material_name": "Li4SiO4",
    "temperature_in_C": 500,
    "TBR": 0.9398582112417075,
    "TBR_std_dev": 0.0060615805601802195,
    "sample": "halton"
}