{
    "batches": 10,
    "nps": 1000,
    "enrichment": 26.54320987654321,
    "inner_radius": 500,
    "thickness": 25.641975308641975,
    "breeder_material_name": "Li4SiO4",
    "temperature_in_C": 500,
    "TBR": 0.8356714699461338,
    "TBR_std_dev": 0.010051112470724311,
    "sample": "adaptive"
}