{
    "batches": 10,
    "nps": 1000,
    "enrichment": 94.74132432620513,
    "inner_radius": 500,
    "thickness": 336.3888949142808,
    "breeder_material_name": "Li4SiO4",
    "temperature_in_C": 500,
    "TBR": 0.9364496389932807,
    "TBR_std_dev": 0.006072677235792487,
    "sample": "random"
}