{
    "batches": 10,
    "nps": 1000,
    "enrichment": 17.122389392079505,
    "inner_radius": 500,
    "thickness": 54.473179368131134,
    "breeder_material_name": "Li4SiO4",
    "temperature_in_C": 500,
    "TBR": 0.8987656904954328,
    "TBR_std_dev": 0.011522040058622694,
    "sample": "random"
}