{
    "batches": 10,
    "nps": 1000,
    "enrichment": 99.23792272092133,
    "inner_radius": 500,
    "thickness": 462.9109659662783,
    "breeder_material_name": "Li4SiO4",
    "temperature_in_C": 500,
    "TBR": 0.9360399629484757,
    "TBR_std_dev": 0.006681661791673998,
    "sample": "random"
}