{
    "batches": 10,
    "nps": 1000,
    "enrichment": 86.32523350484252,
    "inner_radius": 500,
    "thickness": 466.97198548695184,
    "breeder_material_name": "Li4SiO4",
    "temperature_in_C": 500,
    "TBR": 0.935968904839485,
    "TBR_std_dev": 0.006204122693916166,
    "sample": "random"
}