{
    "batches": 10,
    "nps": 1000,
    "enrichment": 79.02496790654192,
    "inner_radius": 500,
    "thickness": 31.467350672856533,
    "breeder_material_name": "Li4SiO4",
    "temperature_in_C": 500,
    "TBR": 0.9137841622656755,
    "TBR_std_dev": 0.0039914724005314026,
    "sample": "random"
}