{
    "batches": 10,
    "nps": 1000,
    "enrichment": 3.125,
    "inner_radius": 500,
    "thickness": 296.2962962962963,
    "breeder_material_name": "Li4SiO4",
    "temperature_in_C": 500,
    "TBR": 0.790267512750555,
    "TBR_std_dev": 0.00862256653575311,
    "sample": "halton"
}