{
    "batches": 10,
    "nps": 1000,
    "enrichment": 85.18518518518519,
    "inner_radius": 500,
    "thickness": 130.37037037037038,
    "breeder_material_name": "Li4SiO4",
    "temperature_in_C": 500,
    "TBR": 0.9328439756604748,
    "TBR_std_dev": 0.007539295731989959,
    "sample": "adaptive"
}