{
    "batches": 10,
    "nps": 1000,
    "enrichment": 66.66666666666666,
    "inner_radius": 500,
    "thickness": 167.33333333333334,
    "breeder_material_name": "Li4SiO4",
    "temperature_in_C": 500,
    "TBR": 0.9314536617379142,
    "TBR_std_dev": 0.00719739014914406,
    "sample": "adaptive"
}