{
    "batches": 10,
    "nps": 1000,
    "enrichment": 50.0,
    "inner_radius": 500,
    "thickness": 0.0,
    "breeder_material_name": "Li4SiO4",
    "temperature_in_C": 500,
    "TBR": 1.4714557093066305e-15,
    "TBR_std_dev": 8.971367052576667e-17,
    "sample": "grid"
}