{
    "batches": 10,
    "nps": 1000,
    "enrichment": 55.54926384753692,
    "inner_radius": 500,
    "thickness": 469.08897285742273,
    "breeder_material_name": "Li4SiO4",
    "temperature_in_C": 500,
    "TBR": 0.9292167297880558,
    "TBR_std_dev": 0.009573264251067876,
    "sample": "random"
}