{
    "batches": 10,
    "nps": 1000,
    "enrichment": 12.015128446558787,
    "inner_radius": 500,
    "thickness": 332.65277331181585,
    "breeder_material_name": "Li4SiO4",
    "temperature_in_C": 500,
    "TBR": 0.8883645739301013,
    "TBR_std_dev": 0.00612421038817624,
    "sample": "random"
}