{
    "batches": 10,
    "nps": 1000,
    "enrichment": 72.5035456643609,
    "inner_radius": 500,
    "thickness": 241.070888786929,
    "breeder_material_name": "Li4SiO4",
    "temperature_in_C": 500,
    "TBR": 0.933888096540764,
    "TBR_std_dev": 0.0036959852285291246,
    "sample": "random"
}