{
    "batches": 10,
    "nps": 1000,
    "enrichment": 100.0,
    "inner_radius": 500,
    "thickness": 0.0,
    "breeder_material_name": "Li4SiO4",
    "temperature_in_C": 500,
    "TBR": 2.8970355718052165e-15,
    "TBR_std_dev": 1.7952747184629103e-16,
    "sample": "grid"
}