{
    "batches": 10,
    "nps": 1000,
    "enrichment": 50.0,
    "inner_radius": 500,
    "thickness": 125.0,
    "breeder_material_name": "Li4SiO4",
    "temperature_in_C": 500,
    "TBR": 0.9260478155086187,
    "TBR_std_dev": 0.009810776866773927,
    "sample": "grid"
}