{
    "batches": 10,
    "nps": 1000,
    "enrichment": 4.583069544637608,
    "inner_radius": 500,
    "thickness": 4.654876402436358,
    "breeder_material_name": "Li4SiO4",
    "temperature_in_C": 500,
    "TBR": 0.13493893731419257,
    "TBR_std_dev": 0.0015178392070432942,
    "sample": "random"
}