{
    "batches": 10,
    "nps": 1000,
    "enrichment": 61.27168404672331,
    "inner_radius": 500,
    "thickness": 26.828645271918642,
    "breeder_material_name": "Li4SiO4",
    "temperature_in_C": 500,
    "TBR": 0.886503531756033,
    "TBR_std_dev": 0.0073308453997178065,
    "sample": "random"
}