{
    "batches": 10,
    "nps": 1000,
    "enrichment": 21.64636509532698,
    "inner_radius": 500,
    "thickness": 415.9047103663751,
    "breeder_material_name": "Li4SiO4",
    "temperature_in_C": 500,
    "TBR": 0.9235617577494353,
    "TBR_std_dev": 0.011445403058728387,
    "sample": "random"
}