{
    "batches": 10,
    "nps": 1000,
    "enrichment": 88.88888888888889,
    "inner_radius": 500,
    "thickness": 222.77777777777777,
    "breeder_material_name": "Li4SiO4",
    "temperature_in_C": 500,
    "TBR": 0.9381645979699547,
    "TBR_std_dev": 0.005852648540990627,
    "sample": "adaptive"
}