{
    "batches": 10,
    "nps": 1000,
    "enrichment": 33.333333333333336,
    "inner_radius": 500,
    "thickness": 333.66666666666663,
    "breeder_material_name": "Li4SiO4",
    "temperature_in_C": 500,
    "TBR": 0.9294941690265566,
    "TBR_std_dev": 0.010305787870225902,
    "sample": "adaptive"
}