{
    "batches": 10,
    "nps": 1000,
    "enrichment": 100,
    "inner_radius": 500,
    "thickness": 1,
    "breeder_material_name": "Li4SiO4",
    "temperature_in_C": 500,
    "TBR": 0.2006888696052902,
    "TBR_std_dev": 0.004088869660530897,
    "sample": "adaptive"
}