{
    "batches": 10,
    "nps": 1000,
    "enrichment": 75.0,
    "inner_radius": 500,
    "thickness": 55.55555555555555,
    "breeder_material_name": "Li4SiO4",
    "temperature_in_C": 500,
    "TBR": 0.9346600353332924,
    "TBR_std_dev": 0.0023016729550069054,
    "sample": "halton"
}