{
    "batches": 10,
    "nps": 1000,
    "enrichment": 0.0,
    "inner_radius": 500,
    "thickness": 250.0,
    "breeder_material_name": "Li4SiO4",
    "temperature_in_C": 500,
    "TBR": 0.061836302145823994,
    "TBR_std_dev": 0.001556274069115839,
    "sample": "grid"
}