{
    "batches": 10,
    "nps": 1000,
    "enrichment": 75.0,
    "inner_radius": 500,
    "thickness": 0.0,
    "breeder_material_name": "Li4SiO4",
    "temperature_in_C": 500,
    "TBR": 2.1842453414478323e-15,
    "TBR_std_dev": 1.3461723307338805e-16,
    "sample": "grid"
}