{
    "batches": 10,
    "nps": 1000,
    "enrichment": 4.938271604938272,
    "inner_radius": 500,
    "thickness": 133.4506172839506,
    "breeder_material_name": "Li4SiO4",
    "temperature_in_C": 500,
    "TBR": 0.8191012611984891,
    "TBR_std_dev": 0.011401081458614017,
    "sample": "adaptive"
}