{
    "batches": 10,
    "nps": 1000,
    "enrichment": 29.629629629629626,
    "inner_radius": 500,
    "thickness": 74.92592592592595,
    "breeder_material_name": "Li4SiO4",
    "temperature_in_C": 500,
    "TBR": 0.923567008671369,
    "TBR_std_dev": 0.009821910690974796,
    "sample": "adaptive"
}