{
    "batches": 10,
    "nps": 1000,
    "enrichment": 14.814814814814817,
    "inner_radius": 500,
    "thickness": 148.85185185185185,
    "breeder_material_name": "Li4SiO4",
    "temperature_in_C": 500,
    "TBR": 0.9031188676124714,
    "TBR_std_dev": 0.00968717081463151,
    "sample": "adaptive"
}