{
    "batches": 10,
    "nps": 1000,
    "enrichment": 78.125,
    "inner_radius": 500,
    "thickness": 203.7037037037037,
    "breeder_material_name": "Li4SiO4",
    "temperature_in_C": 500,
    "TBR": 0.9331683032351521,
    "TBR_std_dev": 0.004810904385687635,
    "sample": "halton"
}