{
    "batches": 10,
    "nps": 1000,
    "enrichment": 6.25,
    "inner_radius": 500,
    "thickness": 444.4444444444444,
    "breeder_material_name": "Li4SiO4",
    "temperature_in_C": 500,
    "TBR": 0.8406828383730509,
    "TBR_std_dev": 0.008935019424103902,
    "sample": "halton"
}