{
    "batches": 10,
    "nps": 1000,
    "enrichment": 53.125,
    "inner_radius": 500,
    "thickness": 462.962962962963,
    "breeder_material_name": "Li4SiO4",
    "temperature_in_C": 500,
    "TBR": 0.9300290827038941,
    "TBR_std_dev": 0.009423377137935588,
    "sample": "halton"
}