{
    "batches": 10,
    "nps": 1000,
    "enrichment": 28.38256725991166,
    "inner_radius": 500,
    "thickness": 222.7784479714989,
    "breeder_material_name": "Li4SiO4",
    "temperature_in_C": 500,
    "TBR": 0.9229406458706,
    "TBR_std_dev": 0.011166856393041635,
    "sample": "random"
}