{
    "batches": 10,
    "nps": 1000,
    "enrichment": 45.45754389928568,
    "inner_radius": 500,
    "thickness": 450.4907571964965,
    "breeder_material_name": "Li4SiO4",
    "temperature_in_C": 500,
    "TBR": 0.9270626442325147,
    "TBR_std_dev": 0.011211516535879451,
    "sample": "random"
}