{
    "batches": 10,
    "nps": 1000,
    "enrichment": 35.646169016508786,
    "inner_radius": 500,
    "thickness": 165.23176671435868,
    "breeder_material_name": "Li4SiO4",
    "temperature_in_C": 500,
    "TBR": 0.9235660210100158,
    "TBR_std_dev": 0.012025581056015743,
    "sample": "random"
}