{
    "batches": 10,
    "nps": 1000,
    "enrichment": 17.21605526759943,
    "inner_radius": 500,
    "thickness": 173.16754094216446,
    "breeder_material_name": "Li4SiO4",
    "temperature_in_C": 500,
    "TBR": 0.9039312508147773,
    "TBR_std_dev": 0.01162563793062809,
    "sample": "random"
}