{
    "batches": 10,
    "nps": 1000,
    "enrichment": 0.0,
    "inner_radius": 500,
    "thickness": 0.0,
    "breeder_material_name": "Li4SiO4",
    "temperature_in_C": 500,
    "TBR": 4.547735813481244e-17,
    "TBR_std_dev": 2.646423759361901e-18,
    "sample": "grid"
}