{
    "batches": 10,
    "nps": 1000,
    "enrichment": 57.57175237332993,
    "inner_radius": 500,
    "thickness": 27.405775456896958,
    "breeder_material_name": "Li4SiO4",
    "temperature_in_C": 500,
    "TBR": 0.887172328861182,
    "TBR_std_dev": 0.00775589506014766,
    "sample": "random"
}