{
    "batches": 10,
    "nps": 1000,
    "enrichment": 25.0,
    "inner_radius": 500,
    "thickness": 333.3333333333333,
    "breeder_material_name": "Li4SiO4",
    "temperature_in_C": 500,
    "TBR": 0.9307136534114931,
    "TBR_std_dev": 0.011981820830711129,
    "sample": "halton"
}