{
    "batches": 10,
    "nps": 1000,
    "enrichment": 25.308641975308642,
    "inner_radius": 500,
    "thickness": 475.35802469135797,
    "breeder_material_name": "Li4SiO4",
    "temperature_in_C": 500,
    "TBR": 0.9269171059786242,
    "TBR_std_dev": 0.013106413603994912,
    "sample": "adaptive"
}