{
    "batches": 10,
    "nps": 1000,
    "enrichment": 74.07407407407408,
    "inner_radius": 500,
    "thickness": 74.92592592592595,
    "breeder_material_name": "Li4SiO4",
    "temperature_in_C": 500,
    "TBR": 0.9377023226829369,
    "TBR_std_dev": 0.0032653116386353333,
    "sample": "adaptive"
}