{
    "batches": 10,
    "nps": 1000,
    "enrichment": 62.5,
    "inner_radius": 500,
    "thickness": 388.8888888888889,
    "breeder_material_name": "Li4SiO4",
    "temperature_in_C": 500,
    "TBR": 0.9401742512300422,
    "TBR_std_dev": 0.008370542700439446,
    "sample": "halton"
}