{
    "batches": 10,
    "nps": 1000,
    "enrichment": 88.00892136263565,
    "inner_radius": 500,
    "thickness": 391.1748969657491,
    "breeder_material_name": "Li4SiO4",
    "temperature_in_C": 500,
    "TBR": 0.9394666995717216,
    "TBR_std_dev": 0.006545412124959307,
    "sample": "random"
}