{
    "batches": 10,
    "nps": 1000,
    "enrichment": 34.85899804286912,
    "inner_radius": 500,
    "thickness": 483.468693963298,
    "breeder_material_name": "Li4SiO4",
    "temperature_in_C": 500,
    "TBR": 0.9278915919964327,
    "TBR_std_dev": 0.011351931019060294,
    "sample": "random"
}