{
    "batches": 10,
    "nps": 1000,
    "enrichment": 50.0,
    "inner_radius": 500,
    "thickness": 250.0,
    "breeder_material_name": "Li4SiO4",
    "temperature_in_C": 500,
    "TBR": 0.926047815508619,
    "TBR_std_dev": 0.009810776866772671,
    "sample": "grid"
}