{
    "batches": 10,
    "nps": 1000,
    "enrichment": 25.925925925925927,
    "inner_radius": 500,
    "thickness": 426.074074074074,
    "breeder_material_name": "Li4SiO4",
    "temperature_in_C": 500,
    "TBR": 0.9252910538304523,
    "TBR_std_dev": 0.012058651927489741,
    "sample": "adaptive"
}