{
    "batches": 10,
    "nps": 1000,
    "enrichment": 82.89750012502161,
    "inner_radius": 500,
    "thickness": 459.92850436436015,
    "breeder_material_name": "Li4SiO4",
    "temperature_in_C": 500,
    "TBR": 0.9340888942900909,
    "TBR_std_dev": 0.004937642353529065,
    "sample": "random"
}