{
    "batches": 10,
    "nps": 1000,
    "enrichment": 56.25,
    "inner_radius": 500,
    "thickness": 18.51851851851852,
    "breeder_material_name": "Li4SiO4",
    "temperature_in_C": 500,
    "TBR": 0.8219551441771333,
    "TBR_std_dev": 0.008494478719129254,
    "sample": "halton"
}