{
    "batches": 10,
    "nps": 1000,
    "enrichment": 28.125,
    "inner_radius": 500,
    "thickness": 37.03703703703704,
    "breeder_material_name": "Li4SiO4",
    "temperature_in_C": 500,
    "TBR": 0.8950190905964363,
    "TBR_std_dev": 0.009219848399452984,
    "sample": "halton"
}