{
    "batches": 10,
    "nps": 1000,
    "enrichment": 18.75,
    "inner_radius": 500,
    "thickness": 74.07407407407408,
    "breeder_material_name": "Li4SiO4",
    "temperature_in_C": 500,
    "TBR": 0.9097361980919552,
    "TBR_std_dev": 0.01189444324715234,
    "sample": "halton"
}