{
    "batches": 10,
    "nps": 1000,
    "enrichment": 40.625,
    "inner_radius": 500,
    "thickness": 259.25925925925924,
    "breeder_material_name": "Li4SiO4",
    "temperature_in_C": 500,
    "TBR": 0.9325045596976457,
    "TBR_std_dev": 0.01332492926214009,
    "sample": "halton"
}