{
    "batches": 10,
    "nps": 1000,
    "enrichment": 9.375,
    "inner_radius": 500,
    "thickness": 148.14814814814815,
    "breeder_material_name": "Li4SiO4",
    "temperature_in_C": 500,
    "TBR": 0.8702805532359476,
    "TBR_std_dev": 0.009572500960761676,
    "sample": "halton"
}