{
    "batches": 10,
    "nps": 1000,
    "enrichment": 86.04906230006829,
    "inner_radius": 500,
    "thickness": 483.9057113151349,
    "breeder_material_name": "Li4SiO4",
    "temperature_in_C": 500,
    "TBR": 0.93499082406054,
    "TBR_std_dev": 0.006812743955374216,
    "sample": "random"
}