{
    "batches": 10,
    "nps": 1000,
    "enrichment": 23.807615410749307,
    "inner_radius": 500,
    "thickness": 261.5440514798438,
    "breeder_material_name": "Li4SiO4",
    "temperature_in_C": 500,
    "TBR": 0.9230098919655229,
    "TBR_std_dev": 0.010135543867454218,
    "sample": "random"
}