{
    "batches": 10,
    "nps": 1000,
    "enrichment": 59.95225335209561,
    "inner_radius": 500,
    "thickness": 222.23756594174287,
    "breeder_material_name": "Li4SiO4",
    "temperature_in_C": 500,
    "TBR": 0.9287251660278069,
    "TBR_std_dev": 0.008138665005421552,
    "sample": "random"
}